name,brand,category,subcategory,drink_family,description,image_url,product_url,price_range,availability_regions,sweetness_score,bitterness_score,acidity_score,body_score,complexity_score,carbonation_score,intensity_score,flavor_tags,occasion_tags,food_pairing_tags,is_active
Negroni,St. Agrestis,RTD Mocktail,Canned Cocktail,Negroni,"Bittersweet non-alcoholic negroni with Tuscan juniper, Sicilian citrus, and floral botanicals. Lightly carbonated with a silky finish.",,https://stagrestis.com/products/phony-negroni,,"{""Wide (US)""}",5,9,5,8,9,6,7,"{""Juniper"",""Citrus"",""Floral"",""Herbal""}","{""Aperitivo Hour"",""Happy Hour"",""Dinner Party""}","{""Charcuterie"",""Aged Cheese"",""Orange Peel""}",true
Espresso Cocktail,St. Agrestis,RTD Mocktail,Canned Cocktail,Coffee Cocktail,Rich non-alcoholic espresso negroni combining cold brew coffee with bitter aperitif botanicals and vanilla. Smooth with a velvety mouthfeel.,,https://stagrestis.com/products/phony-espresso-negroni,,"{""Wide (US)""}",5,5,3,8,9,6,6,"{""Espresso"",""Coffee"",""Vanilla"",""Cocoa"",""Herbal""}","{""After Dinner"",""Nightcap""}","{""Dark Chocolate"",""Tiramisu"",""Vanilla Gelato""}",true
Negroni,St. Agrestis,RTD Mocktail,Canned Cocktail,Negroni,"Smoky non-alcoholic mezcal-style negroni with vegetal complexity and earthy agave notes. Made with 30 botanicals, double gold medal winner.",,https://stagrestis.com/products/phony-mezcal-negroni,,"{""Wide (US)""}",3,9,5,8,9,6,7,"{""Smoke"",""Citrus"",""Gentian"",""Earthy"",""Herbal""}","{""Aperitivo Hour"",""Happy Hour""}","{""Grilled Vegetables"",""Smoked Cheese"",""Dark Chocolate""}",true
Negroni,St. Agrestis,RTD Mocktail,Canned Cocktail,Negroni,Bright clarified non-alcoholic white negroni driven by amplified gentian root and citrus. Champagne-like clarity with bitter backbone.,,https://stagrestis.com/products/phony-white-negroni,,"{""Wide (US)""}",3,9,9,3,9,6,6,"{""Gentian"",""Citrus"",""Floral"",""Herbal""}","{""Celebration"",""Brunch"",""Aperitivo Hour""}","{""Seafood"",""Light Appetizers"",""Citrus Desserts""}",true
Amaro Falso,St. Agrestis,Aperitif,Bitter Aperitif,Aperitif,"Complex non-alcoholic amaro with layered herbal bitterness, gentian, and Sicilian citrus. Sip neat or over ice as a digestivo.",,https://stagrestis.com/products/amaro-falso,,"{""Wide (US)""}",5,10,3,5,10,2,6,"{""Gentian"",""Herbal"",""Citrus"",""Spice""}","{""After Dinner"",""Digestivo""}","{""Dark Chocolate"",""Aged Cheese"",""Nuts""}",true
Negroni,St. Agrestis,RTD Mocktail,Canned Cocktail,Negroni,Limited release citrus-forward non-alcoholic negroni with bright lemon notes and the signature 30-botanical base. Crisp and refreshing.,,https://stagrestis.com/products/phony-limone-negroni,,"{""Limited""}",5,5,9,5,9,6,7,"{""Lemon"",""Citrus"",""Juniper"",""Floral""}","{""Summer"",""Brunch"",""Aperitivo Hour""}","{""Light Salads"",""Seafood"",""Citrus Tarts""}",true
Aperitivo,Ghia,Aperitif,Aperitivo,Aperitif,"Complex non-alcoholic aperitif with bitter herbal notes, yuzu, ginger, and elderflower. Inspired by Mediterranean aperitivo culture.",,https://drinkghia.com/,,"{""Wide (US)""}",3,9,9,5,10,2,6,"{""Yuzu"",""Ginger"",""Elderflower"",""Gentian"",""Herbal""}","{""Aperitivo Hour"",""Dinner Party""}","{""Pasta"",""Antipasto"",""Citrus Desserts""}",true
Spritz,Ghia,Sparkling,Spritz,Spritz,Bursting non-alcoholic spritz with orange blossom and strawberry flavors. Effervescent with a soft creamy mouthfeel like sparkling rosé.,,https://drinkghia.com/products/le-fizz,,"{""Wide (US)""}",5,3,5,5,5,9,5,"{""Strawberry"",""Orange Blossom"",""Floral"",""Bubbly""}","{""Celebration"",""Brunch"",""Dinner Party""}","{""Fruit Tarts"",""Soft Cheese"",""Light Appetizers""}",true
Spritz,Ghia,Sparkling,Spritz,Spritz,Bright refreshing non-alcoholic spritz with blood orange and a whisper of marjoram. Softer and less bitter than original Ghia.,,https://drinkghia.com/products/le-spritz-blood-orange,,"{""Wide (US)""}",5,3,5,3,5,9,5,"{""Blood Orange"",""Marjoram"",""Citrus"",""Floral""}","{""Summer"",""Brunch"",""Picnic""}","{""Grilled Fish"",""Citrus Salad"",""Goat Cheese""}",true
Spritz,Ghia,Sparkling,Spritz,Spritz,Salty tangy non-alcoholic spritz with lime and sea salt. Like a dip in the Mediterranean with bright citrus and mineral finish.,,https://drinkghia.com/products/le-spritz-lime-salt,,"{""Wide (US)""}",3,5,9,3,5,9,6,"{""Lime"",""Sea Salt"",""Citrus"",""Herbal""}","{""Beach"",""Picnic"",""Summer""}","{""Tacos"",""Ceviche"",""Grilled Vegetables""}",true
Spritz,Ghia,Sparkling,Spritz,Spritz,"Warming spicy non-alcoholic spritz with ginger, yuzu, and chili pepper extract. Fiery finish with complex botanical depth.",,https://drinkghia.com/products/ghia-ginger,,"{""Wide (US)""}",3,5,9,5,9,9,7,"{""Ginger"",""Yuzu"",""Chili"",""Herbal"",""Spice""}","{""Evening"",""Cool Weather""}","{""Spicy Noodles"",""Ginger Desserts"",""Dumplings""}",true
Spritz,Ghia,Sparkling,Spritz,Spritz,Earthy tangy non-alcoholic spritz with sumac and chili. For those who like it hot with bright acidity and warming spice.,,https://drinkghia.com/products/sumac-and-chili,,"{""Wide (US)""}",3,5,9,3,9,9,6,"{""Sumac"",""Chili"",""Citrus"",""Herbal""}","{""Happy Hour"",""Adventurous Palates""}","{""Middle Eastern Food"",""Grilled Meats"",""Spicy Snacks""}",true
Spritz,De Soi,Sparkling,Spritz,Spritz,Italian-inspired non-alcoholic aperitivo spritz with bitter orange and adaptogens. Lightly sparkling with L-theanine and lion's mane.,,https://drinkdesoi.com/products/spritz-italiano,,"{""Wide (US)""}",5,5,9,3,5,9,6,"{""Bitter Orange"",""Citrus"",""Herbal"",""Floral""}","{""Aperitivo Hour"",""Happy Hour""}","{""Antipasto"",""Bruschetta"",""Light Pasta""}",true
Aperitivo,De Soi,Aperitif,Aperitivo,Aperitif,Deep fruity non-alcoholic aperitif with dark berry notes and rose. Infused with adaptogens for relaxation without alcohol.,,https://drinkdesoi.com/products/purple-lune,,"{""Wide (US)""}",5,3,5,5,5,2,4,"{""Dark Berries"",""Rose"",""Elderberry"",""Vanilla""}","{""Evening"",""Relaxation"",""Dinner Party""}","{""Chocolate Desserts"",""Cheese Plate"",""Berries""}",true
Aperitivo,De Soi,Aperitif,Aperitivo,Aperitif,Rosé-inspired non-alcoholic aperitif with sparkling raspberry and floral notes. Light body with adaptogenic benefits.,,https://drinkdesoi.com/products/tres-rose,,"{""Wide (US)""}",5,3,9,3,5,2,4,"{""Raspberry"",""Rose"",""Floral"",""Berry""}","{""Brunch"",""Afternoon"",""Celebrations""}","{""Charcuterie"",""Fruit"",""Light Salads""}",true
Margarita,De Soi,RTD Mocktail,Margarita,Margarita,"Spicy non-alcoholic margarita with lime, jalapeño, and agave. Infused with adaptogens for a mindful happy hour experience.",,https://drinkdesoi.com/products/haute-margarita,,"{""Wide (US)""}",5,3,9,3,5,6,5,"{""Lime"",""Jalapeño"",""Agave"",""Sea Salt""}","{""Happy Hour"",""Taco Night""}","{""Tacos"",""Guacamole"",""Spicy Mexican Food""}",true
Functional Beverage,De Soi,Functional Drink,Functional Beverage,Adaptogenic,"Warming non-alcoholic golden milk-style drink with turmeric, ginger, and adaptogens. Caffeine-free with a soothing profile.",,https://drinkdesoi.com/products/golden-hour,,"{""Wide (US)""}",5,3,3,5,5,5,4,"{""Turmeric"",""Ginger"",""Cinnamon"",""Vanilla"",""Honey""}","{""Evening"",""Wind Down"",""Cold Weather""}","{""Tea Cakes"",""Light Desserts"",""Almond Cookies""}",true
Canned Cocktail,De Soi,RTD Mocktail,Canned Cocktail,Canned Cocktail,"Limited winter release mule with pomegranate, cranberry, ginger, rosemary and adaptogens. Cozy apres-ski flavors.",,https://drinkdesoi.com/collections/all-beverages,,"{""Limited""}",5,3,5,5,5,6,5,"{""Pomegranate"",""Cranberry"",""Ginger"",""Rosemary"",""Herbal""}","{""Winter"",""Holidays"",""Après-Ski""}","{""Roasted Meats"",""Winter Vegetables"",""Spiced Desserts""}",true
Functional Beverage,Kin Euphorics,Functional Drink,Functional Beverage,Adaptogenic,"Adaptogenic non-alcoholic social spirit with Rhodiola Rosea, 5-HTP, and GABA. Herbaceous blend of hibiscus and orange bitters.",,https://www.kineuphorics.com/products/high-rhode,,"{""Wide (US)""}",3,5,5,5,9,5,5,"{""Hibiscus"",""Orange Bitters"",""Licorice"",""Sea Salt"",""Herbal""}","{""Social Hour"",""Happy Hour"",""Parties""}","{""Cheese Board"",""Bruschetta"",""Citrus Desserts""}",true
Functional Beverage,Kin Euphorics,Functional Drink,Functional Beverage,Adaptogenic,"Mood-boosting non-alcoholic sparkling beverage with ginger, tart citrus, and adaptogens. Uplifting and invigorating with no alcohol.",,https://www.kineuphorics.com/products/kin-spritz,,"{""Wide (US)""}",5,3,9,3,5,5,5,"{""Ginger"",""Citrus"",""Hibiscus"",""Orange Bitters"",""Herbal""}","{""Afternoon"",""Socializing"",""Work""}","{""Light Appetizers"",""Fruit"",""Salad""}",true
Functional Beverage,Kin Euphorics,Functional Drink,Functional Beverage,Adaptogenic,Heart-opening non-alcoholic functional drink with floral botanicals and adaptogens. Lightly sweet with a joyful bright profile.,,https://www.kineuphorics.com/products/kin-bloom,,"{""Wide (US)""}",5,3,5,3,5,5,4,"{""Floral"",""Citrus"",""Herbal"",""Honey"",""Botanicals""}","{""Brunch"",""Daytime"",""Celebrations""}","{""Pastries"",""Fruit Tarts"",""Light Cheese""}",true
Functional Beverage,Kin Euphorics,Functional Drink,Functional Beverage,Adaptogenic,Meditative non-alcoholic sparkling blend of lavender-vanilla and smoked sea salt. Reishi mushroom for calm relaxation.,,https://www.kineuphorics.com/,,"{""Wide (US)""}",5,3,3,5,5,5,4,"{""Lavender"",""Vanilla"",""Smoked Sea Salt"",""Passionflower""}","{""Evening"",""Wind Down"",""Yoga""}","{""Chamomile Tea"",""Light Snacks"",""Dark Chocolate""}",true
Negroni,Curious Elixirs,RTD Mocktail,Canned Cocktail,Negroni,Bold booze-free pomegranate negroni with layered herbaceous bitterness. Adaptogens like gentian and rhodiola for unwinding.,,https://curiouselixirs.com/products/curious-no-1-cocktails,,"{""Wide (US)""}",5,9,5,5,10,6,7,"{""Pomegranate"",""Juniper"",""Herbal"",""Bitter"",""Citrus""}","{""Aperitivo Hour"",""After Work""}","{""Aged Cheese"",""Dark Chocolate"",""Grilled Meats""}",true
Margarita,Curious Elixirs,RTD Mocktail,Canned Cocktail,Margarita,Spicy pineapple ginger margarita fusion with ancho chili and jalapeño. Damiana herb helps you unwind while flavors dance.,,https://curiouselixirs.com/products/curious-no-2-cocktails,,"{""Wide (US)""}",5,3,9,5,9,6,6,"{""Pineapple"",""Ginger"",""Lime"",""Ancho Chili"",""Spicy""}","{""Happy Hour"",""Taco Night"",""Spicy Food Lovers""}","{""Tacos"",""Guacamole"",""Spicy Asian Food""}",true
Canned Cocktail,Curious Elixirs,RTD Mocktail,Canned Cocktail,Canned Cocktail,"Botanical cucumber collins with juniper, lavender, and lemon verbena. Lightly sparkling with crisp refreshing finish.",,https://curiouselixirs.com/products/curious-no-3-cocktails,,"{""Wide (US)""}",3,3,5,3,5,6,4,"{""Cucumber"",""Lavender"",""Juniper"",""Lemon Verbena"",""Floral""}","{""Afternoon"",""Garden Party"",""Brunch""}","{""Light Salads"",""Tea Sandwiches"",""Goat Cheese""}",true
Spritz,Curious Elixirs,Sparkling,Spritz,Spritz,Blood orange turmeric spritz with bright citrus and earthy warmth. Sicilian-inspired with adaptogens for stress relief.,,https://curiouselixirs.com/products/curious-no-4-cocktails,,"{""Wide (US)""}",5,3,9,5,5,9,6,"{""Blood Orange"",""Turmeric"",""Citrus"",""Ginger"",""Spice""}","{""Aperitivo Hour"",""Brunch""}","{""Hummus"",""Grilled Vegetables"",""Citrus Desserts""}",true
Canned Cocktail,Curious Elixirs,RTD Mocktail,Canned Cocktail,Canned Cocktail,Smoked chocolate cherry old fashioned with rich molasses and cocoa. Complex booze-free sipper with cherry warmth.,,https://curiouselixirs.com/products/curious-no-5-cocktails,,"{""Wide (US)""}",9,3,3,8,10,6,7,"{""Cherry"",""Chocolate"",""Molasses"",""Smoke"",""Vanilla""}","{""After Dinner"",""Nightcap"",""Dessert""}","{""Dark Chocolate"",""Cherry Pie"",""Roasted Nuts""}",true
Canned Cocktail,Curious Elixirs,RTD Mocktail,Canned Cocktail,Canned Cocktail,Tropical spiced coconut pineapple cocktail with island vibes. Creamy coconut meets tangy pineapple with adaptogens.,,https://curiouselixirs.com/products/curious-no-6-cocktails,,"{""Wide (US)""}",9,3,5,5,5,6,5,"{""Coconut"",""Pineapple"",""Spice"",""Tropical"",""Creamy""}","{""Summer"",""Beach"",""Tropical Theme""}","{""Thai Food"",""Grilled Shrimp"",""Coconut Desserts""}",true
Canned Cocktail,Curious Elixirs,RTD Mocktail,Canned Cocktail,Canned Cocktail,"Sparkling blanc de blancs style non-alcoholic wine cocktail with green apple and pear. Crisp, dry, and celebratory.",,https://curiouselixirs.com/products/curious-no-7-cocktails,,"{""Wide (US)""}",5,3,9,3,5,6,5,"{""Green Apple"",""Pear"",""White Grape"",""Citrus"",""Dry""}","{""Celebration"",""Brunch"",""Wedding""}","{""Oysters"",""Light Appetizers"",""Soft Cheese""}",true
Canned Cocktail,Curious Elixirs,RTD Mocktail,Canned Cocktail,Canned Cocktail,"Black and blue amaro digestif with dark berries, herbs, and mushroom extracts. Complex bitter-sweet finish for after dinner.",,https://curiouselixirs.com/products/curious-no-8-cocktails,,"{""Wide (US)""}",5,9,5,5,10,6,7,"{""Blackberry"",""Blueberry"",""Herbal"",""Mushroom"",""Bitter""}","{""After Dinner"",""Digestivo"",""Nightcap""}","{""Dark Chocolate"",""Aged Cheese"",""Nuts""}",true
Functional Beverage,Hiyo,Functional Drink,Functional Beverage,Adaptogenic,Organic adaptogenic seltzer with ashwagandha and L-theanine. Bold blackberry and lemon with 30 calories per can.,,https://drinkhiyo.com/collections/all,,"{""Wide (US)""}",5,3,9,3,3,5,5,"{""Blackberry"",""Lemon"",""Berry"",""Citrus""}","{""Afternoon"",""Socializing"",""Work""}","{""Light Snacks"",""Fruit"",""Nuts""}",true
Functional Beverage,Hiyo,Functional Drink,Functional Beverage,Adaptogenic,Tart and tempting functional seltzer with passion fruit and tangerine. Bright citrus with mood-boosting botanical blend.,,https://drinkhiyo.com/products/passion-fruit-tangerine,,"{""Wide (US)""}",5,3,9,3,3,5,5,"{""Passion Fruit"",""Tangerine"",""Citrus"",""Tropical""}","{""Afternoon"",""Morning"",""Energy""}","{""Fresh Fruit"",""Yogurt"",""Granola""}",true
Functional Beverage,Hiyo,Functional Drink,Functional Beverage,Adaptogenic,"Bright uplifting functional seltzer with pineapple and coconut. Tropical escape with 1,700mg functional ingredients per can.",,https://drinkhiyo.com/products/pineapple-coconut,,"{""Wide (US)""}",5,3,3,3,3,5,4,"{""Pineapple"",""Coconut"",""Tropical"",""Creamy""}","{""Summer"",""Beach"",""Vacation""}","{""Thai Food"",""Grilled Fish"",""Coconut Desserts""}",true
Functional Beverage,HOP WTR,Functional Drink,Functional Beverage,Adaptogenic,Crisp sparkling hop water with Citra and Amarillo hops. Zero calories with adaptogens and nootropics for balanced energy.,,https://hopwtr.com/products/classic-non-alcoholic-sparkling-hop-water-12-pack,,"{""Wide (US)""}",5,5,3,3,5,5,4,"{""Hops"",""Citrus"",""Pine"",""Floral"",""Bitter""}","{""After Work"",""Socializing"",""Anytime""}","{""Nuts"",""Charcuterie"",""Grilled Meats""}",true
Functional Beverage,HOP WTR,Functional Drink,Functional Beverage,Adaptogenic,Zesty blood orange hop water with bright citrus and hop bitterness. Zero sugar with vitamin C and adaptogens.,,https://hopwtr.com/products/blood-orange-non-alcoholic-sparkling-hop-water-12-pack,,"{""Wide (US)""}",5,5,9,3,5,5,5,"{""Blood Orange"",""Hops"",""Citrus"",""Bitter""}","{""Summer"",""Afternoon"",""Happy Hour""}","{""Grilled Fish"",""Citrus Salad"",""Light Fare""}",true
Functional Beverage,HOP WTR,Functional Drink,Functional Beverage,Adaptogenic,Juicy mango hop water with tropical sweetness balanced by hop bitterness. Zero calories with functional nootropic blend.,,https://hopwtr.com/,,"{""Wide (US)""}",5,3,5,3,5,5,4,"{""Mango"",""Hops"",""Tropical"",""Citrus""}","{""Summer"",""Beach"",""Taco Night""}","{""Tacos"",""Thai Food"",""Tropical Fruit""}",true
Margarita,Recess,RTD Mocktail,Canned Cocktail,Margarita,Craft lime margarita mocktail with real agave and sea salt. Infused with guayusa and adaptogens for balanced energy.,,https://takearecess.com/shop/zero-proof/lime-margarita,,"{""Wide (US)""}",5,3,9,3,5,6,5,"{""Lime"",""Agave"",""Sea Salt"",""Citrus"",""Herbal""}","{""Happy Hour"",""Taco Night"",""Party""}","{""Tacos"",""Guacamole"",""Mexican Food""}",true
Canned Cocktail,Recess,RTD Mocktail,Canned Cocktail,Canned Cocktail,Grapefruit paloma mocktail made with red Rio grapefruit juice. Uplifting guayusa and adaptogens with low calories.,,https://takearecess.com/shop/zero-proof/grapefruit-paloma,,"{""Wide (US)""}",5,3,9,3,5,6,5,"{""Grapefruit"",""Citrus"",""Agave"",""Herbal"",""Floral""}","{""Brunch"",""Afternoon"",""Summer""}","{""Ceviche"",""Salads"",""Grilled Fish""}",true
Canned Cocktail,Recess,RTD Mocktail,Canned Cocktail,Canned Cocktail,Watermelon mojito mocktail with fresh mint and lime. Lightly sparkling with adaptogens for a balanced lift.,,https://takearecess.com/shop/zero-proof,,"{""Wide (US)""}",5,3,9,3,5,6,5,"{""Watermelon"",""Mint"",""Lime"",""Fresh"",""Herbal""}","{""Summer"",""Poolside"",""BBQ""}","{""Grilled Meats"",""Fruit Salad"",""Light Fare""}",true
Botanical Soda,Casamara Club,Mixer,Botanical Soda,Botanical Soda,Italian chinotto-inspired botanical soda with subtle negroni flavors. Extra dry finish with complex citrus and herbal notes.,,https://www.casamaraclub.com/collections/all,,"{""Wide (US)""}",3,9,9,3,5,7,6,"{""Chinotto"",""Citrus"",""Herbal"",""Bitter"",""Spice""}","{""Aperitivo Hour"",""Dinner""}","{""Pasta"",""Pizza"",""Antipasto""}",true
Negroni,Casamara Club,RTD Mocktail,Canned Cocktail,Negroni,"Non-alcoholic aperitivo cocktail mashing up negroni and bitter orange soda. More refreshing than a negroni, more complex than a spritz.",,https://www.casamaraclub.com/collections/all,,"{""Wide (US)""}",3,9,9,5,9,6,7,"{""Chinotto"",""Bitter Orange"",""Herbal"",""Spice"",""Citrus""}","{""Aperitivo Hour"",""Happy Hour"",""Dinner""}","{""Charcuterie"",""Aged Cheese"",""Grilled Vegetables""}",true
Mojito,Naked Life,RTD Mocktail,RTD Mocktail,Mojito,Fresh mint and lime non-alcoholic mojito with zero sugar. Steam-distilled botanicals for true cocktail taste at only 5 calories.,,https://drinknakedlife.com/products/mojito,,"{""Wide (US)""}",3,3,9,3,5,6,5,"{""Mint"",""Lime"",""Citrus"",""Herbal"",""Rum Notes""}","{""Summer"",""Poolside"",""Party""}","{""Grilled Fish"",""Fresh Salads"",""Fruit""}",true
Negroni,Naked Life,RTD Mocktail,RTD Mocktail,Negroni,Bitter fizzy non-alcoholic negroni spritz with cherry and orange. Chinchona and bitter orange for authentic complexity.,,https://drinknakedlife.com/products/negroni-spritz,,"{""Wide (US)""}",3,9,5,5,5,6,5,"{""Cherry"",""Amaro"",""Orange"",""Bitter"",""Herbal""}","{""Aperitivo Hour"",""Happy Hour""}","{""Cheese Plate"",""Olives"",""Antipasto""}",true
Margarita,Naked Life,RTD Mocktail,RTD Mocktail,Margarita,Tart salty non-alcoholic margarita with lime and sea salt. Zero sugar with steam-distilled botanical blend.,,https://drinknakedlife.com/products/margarita,,"{""Wide (US)""}",3,3,9,3,5,6,5,"{""Lime"",""Salt"",""Citrus"",""Agave"",""Herbal""}","{""Taco Night"",""Happy Hour"",""Party""}","{""Tacos"",""Guacamole"",""Mexican Food""}",true
RTD Mocktail,Naked Life,RTD Mocktail,RTD Mocktail,RTD Mocktail,"Classic non-alcoholic G&T with lemon, bitter orange, and juniper. Crisp and refreshing with zero sugar and 5 calories.",,https://drinknakedlife.com/products/classic-gt,,"{""Wide (US)""}",3,3,9,3,5,6,5,"{""Lemon"",""Juniper"",""Bitter Orange"",""Herbal"",""Citrus""}","{""Afternoon"",""Summer"",""Anytime""}","{""Light Appetizers"",""Seafood"",""Salads""}",true
RTD Mocktail,Naked Life,RTD Mocktail,RTD Mocktail,RTD Mocktail,Cranberry and lime non-alcoholic cosmo with subtle orange notes. Tart sweet balance with zero sugar and low calories.,,https://drinknakedlife.com/products/cosmo,,"{""Wide (US)""}",3,3,9,3,5,6,5,"{""Cranberry"",""Lime"",""Orange"",""Citrus"",""Tart""}","{""Girls Night"",""Party"",""Celebration""}","{""Cheese Plate"",""Light Desserts"",""Fruit""}",true
Spritz,Naked Life,Sparkling,Spritz,Spritz,Italian spritz non-alcoholic cocktail with bitter aperitivo flavors. Vibrant and complex with zero sugar and distilled botanicals.,,https://drinknakedlife.com/products/italian-spritz,,"{""Wide (US)""}",3,5,9,3,5,9,6,"{""Bitter Orange"",""Herbal"",""Citrus"",""Floral"",""Spice""}","{""Aperitivo Hour"",""Brunch"",""Dinner Party""}","{""Antipasto"",""Bruschetta"",""Light Pasta""}",true
Margarita,PARCH,RTD Mocktail,Margarita,Margarita,"Non-alcoholic prickly paloma with grapefruit, hibiscus, and desert botanicals. Blue weber agave base with adaptogens for stress relief.",,https://drinkparch.com/collections/parch-drinks,,"{""Wide (US)""}",5,3,9,3,5,6,5,"{""Grapefruit"",""Hibiscus"",""Agave"",""Citrus"",""Floral""}","{""Sundowner"",""Happy Hour"",""Taco Night""}","{""Tacos"",""Ceviche"",""Grilled Fish""}",true
Margarita,PARCH,RTD Mocktail,Margarita,Margarita,Spiced non-alcoholic piñarita with roasted pineapple and cayenne. Smoky spicy margarita riff with organic agave and adaptogens.,,https://drinkparch.com/collections/parch-drinks/products/spiced-pinarita,,"{""Wide (US)""}",5,3,5,5,5,6,5,"{""Pineapple"",""Cayenne"",""Agave"",""Smoke"",""Spice""}","{""Taco Night"",""Spicy Food Fans""}","{""Tacos"",""Spicy Mexican Food"",""Grilled Meats""}",true
Functional Beverage,PARCH,Functional Drink,Functional Beverage,Adaptogenic,Limited edition sunrise supertonic elixir with adaptogens and desert botanicals. Bright uplifting functional blend for daytime.,,https://drinkparch.com/collections/parch-drinks,,"{""Limited""}",5,3,5,3,5,5,4,"{""Citrus"",""Tropical"",""Herbal"",""Adaptogens"",""Bright""}","{""Morning"",""Daytime"",""Energy""}","{""Fresh Fruit"",""Yogurt"",""Light Breakfast""}",true
Negroni,Lapo's,RTD Mocktail,Negroni,Negroni,"Non-alcoholic negroni with gentian root, bitter orange, and rhubarb. Lightly sparkling with cinnamon and hibiscus notes.",,https://drinklapos.com/,,"{""Wide (US)""}",5,9,5,5,9,6,7,"{""Gentian"",""Bitter Orange"",""Rhubarb"",""Hibiscus"",""Spice""}","{""Aperitivo Hour"",""Happy Hour""}","{""Cheese Board"",""Olives"",""Antipasto""}",true
Spritz,Lapo's,Sparkling,Spritz,Spritz,"Non-alcoholic citrus spritz with lemon, lime, and orange. Juniper and thyme add herbal complexity to this bright aperitivo.",,https://drinklapos.com/,,"{""Wide (US)""}",5,5,9,3,5,9,6,"{""Lemon"",""Lime"",""Orange"",""Juniper"",""Thyme""}","{""Aperitivo Hour"",""Brunch"",""Summer""}","{""Seafood"",""Light Salads"",""Citrus Desserts""}",true
Aperitivo,Lapo's,Aperitif,Bitter Aperitif,Aperitif,"Campari-style non-alcoholic aperitivo with cinnamon, clove, and rhubarb. Mix with soda for a light pre-meal sip.",,https://drinklapos.com/,,"{""Wide (US)""}",5,10,3,5,9,2,6,"{""Cinnamon"",""Clove"",""Rhubarb"",""Herbal"",""Bitter""}","{""Aperitivo Hour"",""Dinner Party""}","{""Bruschetta"",""Olives"",""Aged Cheese""}",true
Canned Cocktail,Lapo's,RTD Mocktail,Canned Cocktail,Canned Cocktail,Pomegranate moscow mule with ginger and lime. Tart and spicy non-alcoholic twist on the classic mule.,,https://drinklapos.com/,,"{""Wide (US)""}",5,3,9,3,5,6,5,"{""Pomegranate"",""Ginger"",""Lime"",""Spice"",""Tart""}","{""Fall"",""Winter"",""Happy Hour""}","{""Roasted Meats"",""Spicy Dishes"",""Dark Chocolate""}",true
Espresso Cocktail,Lapo's,RTD Mocktail,Espresso Cocktail,Coffee Cocktail,"Rich non-alcoholic espresso martini with coffee, vanilla, and cinnamon. Velvety texture for after-dinner sipping.",,https://drinklapos.com/,,"{""Wide (US)""}",9,3,3,8,5,6,6,"{""Espresso"",""Vanilla"",""Cinnamon"",""Cocoa"",""Creamy""}","{""After Dinner"",""Nightcap"",""Dessert""}","{""Dark Chocolate"",""Tiramisu"",""Biscotti""}",true
Amaro Falso,Lapo's,Aperitif,Bitter Aperitif,Aperitif,"Northern Italian-style non-alcoholic amaro with licorice, cinnamon, and orange blossom. Complex digestivo for after dinner.",,https://drinklapos.com/,,"{""Wide (US)""}",5,10,3,5,10,2,6,"{""Licorice"",""Cinnamon"",""Orange Blossom"",""Pine"",""Herbal""}","{""After Dinner"",""Digestivo""}","{""Dark Chocolate"",""Aged Cheese"",""Roasted Nuts""}",true
RTD Mocktail,Mingle Mocktails,RTD Mocktail,RTD Mocktail,RTD Mocktail,Cranberry cosmo mocktail with tart cranberry and citrus. Low-calorie zero-proof alternative for cocktail hour.,,https://www.minglemocktails.com/,,"{""Wide (US)""}",5,3,9,3,3,6,5,"{""Cranberry"",""Lime"",""Orange"",""Citrus"",""Tart""}","{""Girls Night"",""Party"",""Holidays""}","{""Cheese Plate"",""Dark Chocolate"",""Fruit""}",true
Espresso Cocktail,NITRO Mocktails,RTD Mocktail,Espresso Cocktail,Coffee Cocktail,Nitro-activated non-alcoholic espresso martini with cold brew and vanilla. Silky cascading foam from nitrogen widget.,,https://www.mocktails.com/products/espresso-martini-nitro-mocktail,,"{""Wide (US)""}",9,3,3,8,5,6,6,"{""Espresso"",""Vanilla"",""Cocoa"",""Coffee"",""Creamy""}","{""After Dinner"",""Nightcap"",""Dessert""}","{""Dark Chocolate"",""Tiramisu"",""Coffee Desserts""}",true
Margarita,NITRO Mocktails,RTD Mocktail,Margarita,Margarita,Nitro non-alcoholic mockarita with lime and agave. Creamy nitrogen-infused texture with zero carbonation for smooth sipping.,,https://www.mocktails.com/products/mockarita-mocktail,,"{""Wide (US)""}",5,3,9,8,5,6,6,"{""Lime"",""Agave"",""Citrus"",""Sea Salt"",""Creamy""}","{""Taco Night"",""Happy Hour"",""Party""}","{""Tacos"",""Guacamole"",""Mexican Food""}",true
Canned Cocktail,NITRO Mocktails,RTD Mocktail,Canned Cocktail,Canned Cocktail,Nitro mockapolitan with cranberry and citrus. Nitrogen widget creates silky cocktail texture without carbonation or alcohol.,,https://www.mocktails.com/,,"{""Wide (US)""}",5,3,5,8,5,6,5,"{""Cranberry"",""Orange"",""Citrus"",""Tart"",""Floral""}","{""Girls Night"",""Party"",""Celebration""}","{""Cheese Plate"",""Light Desserts"",""Fruit""}",true
Canned Cocktail,Fauxmosa,RTD Mocktail,Canned Cocktail,Canned Cocktail,Alcohol-free mimosa with California chardonnay and sauvignon blanc grapes. Orange and turmeric with apple cider vinegar.,,https://www.totalwine.com/beer/nonalcoholic/na-cocktails/fauxmosa-orange-with-turmeric-nonalcoholic-mimosa/p/271387250,,"{""Wide (US)""}",5,3,9,3,5,6,5,"{""Orange"",""Turmeric"",""Grape"",""Citrus"",""Spice""}","{""Brunch"",""Celebration"",""Baby Shower""}","{""Pastries"",""Fresh Fruit"",""Eggs Benedict""}",true
Canned Cocktail,Fauxmosa,RTD Mocktail,Canned Cocktail,Canned Cocktail,Alcohol-free cranberry mimosa with hibiscus and ginger. Tart festive flavors from California grapes and real fruit.,,https://www.totalwine.com/,,"{""Wide (US)""}",5,3,9,3,5,6,5,"{""Cranberry"",""Hibiscus"",""Ginger"",""Grape"",""Tart""}","{""Holidays"",""Brunch"",""Thanksgiving""}","{""Turkey"",""Stuffing"",""Cranberry Sauce""}",true
Canned Cocktail,Fauxmosa,RTD Mocktail,Canned Cocktail,Canned Cocktail,Alcohol-free pineapple mimosa with lemon and mint. Tropical bright flavor from California grapes and pineapple juice.,,https://www.editorialist.com/p/orange-with-turmeric-4-pack--fauxmosa/,,"{""Wide (US)""}",5,3,9,3,5,6,5,"{""Pineapple"",""Lemon"",""Mint"",""Grape"",""Tropical""}","{""Brunch"",""Summer"",""Poolside""}","{""Grilled Fish"",""Tropical Fruit"",""Light Fare""}",true
Spritz,Crodino,Aperitif,Bitter Aperitif,Spritz,Classic Italian non-alcoholic spritz since 1965 with herb and spice infusion. Bittersweet with clove cardamom and nutmeg for 6 months.,,https://www.crodino.com/en-us/,,"{""Wide (US/IT/EU)""}",5,9,5,3,5,2,5,"{""Herbal"",""Spice"",""Citrus"",""Bitter"",""Vanilla""}","{""Aperitivo Hour"",""Italian Cuisine""}","{""Antipasto"",""Olives"",""Bruschetta"",""Charcuterie""}",true
Tonic,Suze,Mixer,Tonic,Tonic,Ready-to-drink non-alcoholic Suze and tonic with bright yellow color. Bittersweet gentian root flavor with delicate citrus finish.,,https://www.suze.com/product/suze-tonic-0,,"{""Available (EU/US)""}",3,10,9,3,5,7,6,"{""Gentian"",""Tonic"",""Citrus"",""Bitter"",""Herbal""}","{""Aperitivo Hour"",""French Cuisine""}","{""Cheese Board"",""Charcuterie"",""Light Appetizers""}",true
THC Seltzer,Cann,Functional Drink,THC Seltzer,Cannabis Beverage,Microdosed THC social tonic with 2mg THC and 4mg CBD per can. Balanced light buzz with blood orange and cardamom flavor.,,https://drinkcann.com/,,"{""Wide (30+ states)""}",3,3,5,3,3,5,4,"{""Blood Orange"",""Cardamom"",""Citrus"",""Spice"",""Floral""}","{""Happy Hour"",""Socializing"",""Relaxation""}","{""Light Appetizers"",""Fruit"",""Cheese""}",true
THC Seltzer,WYNK,Functional Drink,THC Seltzer,Cannabis Beverage,Zero-sugar THC seltzer with black cherry and balanced 1:1 THC to CBD ratio. Light bubbly buzz in 10-15 minutes.,,https://drinkwynk.com/products/black-cherry-fizz,,"{""Wide (37+ states)""}",5,3,5,3,3,5,4,"{""Black Cherry"",""Berry"",""Tart"",""Sweet""}","{""Socializing"",""Relaxation"",""Party""}","{""Fruit"",""Cheese"",""Light Snacks""}",true
THC Seltzer,WYNK,Functional Drink,THC Seltzer,Cannabis Beverage,Sunny citrus THC seltzer with tangerine and balanced 1:1 THC to CBD. Zero calories zero sugar for guilt-free buzz.,,https://drinkwynk.com/products/tangerine,,"{""Wide (37+ states)""}",5,3,9,3,3,5,5,"{""Tangerine"",""Citrus"",""Orange"",""Sweet"",""Bright""}","{""Socializing"",""Daytime"",""Brunch""}","{""Citrus Salad"",""Light Fare"",""Fruit""}",true
THC Seltzer,WYNK,Functional Drink,THC Seltzer,Cannabis Beverage,Juicy mango THC seltzer with tropical sweetness and balanced THC to CBD ratio. Zero calories zero sugar.,,https://drinkwynk.com/products/juicy-mango,,"{""Wide (37+ states)""}",5,3,3,3,3,5,4,"{""Mango"",""Tropical"",""Citrus"",""Sweet""}","{""Summer"",""Beach"",""Socializing""}","{""Tropical Fruit"",""Grilled Fish"",""Light Fare""}",true
THC Seltzer,WYNK,Functional Drink,THC Seltzer,Cannabis Beverage,Zesty lime THC seltzer with bright citrus and balanced 1:1 THC to CBD ratio. Crisp refreshing microdosed experience.,,https://drinkwynk.com/products/lime-twist,,"{""Wide (37+ states)""}",5,3,9,3,3,5,5,"{""Lime"",""Citrus"",""Zesty"",""Fresh""}","{""Socializing"",""Happy Hour"",""Party""}","{""Tacos"",""Ceviche"",""Fresh Salads""}",true
THC Seltzer,WYNK,Functional Drink,THC Seltzer,Cannabis Beverage,Full-flavored strawberry lemonade THC seltzer with 10mg THC. Bold taste with zero sugar for stronger buzz.,,https://drinkwynk.com/products/lemonade,,"{""Wide (37+ states)""}",5,3,9,3,3,5,5,"{""Strawberry"",""Lemonade"",""Berry"",""Citrus""}","{""Party"",""Socializing"",""Evening""}","{""BBQ"",""Fried Food"",""Sweet Treats""}",true
Adaptogenic Seltzer,Recess (CBD),Functional Drink,Adaptogenic Seltzer,Adaptogenic,Hemp and adaptogen infused sparkling water with peach and ginger. 10mg broad spectrum hemp for calm and clarity.,,https://takearecess.com/shop/recess-mood,,"{""Wide (US)""}",5,3,3,3,3,5,4,"{""Peach"",""Ginger"",""Spice"",""Herbal"",""Fruity""}","{""Afternoon"",""Wind Down"",""Work""}","{""Light Snacks"",""Fruit"",""Herbal Tea""}",true
CBD Seltzer,Daytrip,Functional Drink,CBD Seltzer,Cannabis Beverage,CBD sparkling water with 25mg fast-acting CBD and terpenes. Blackberry flavor for bold fruit refreshment without THC.,,https://wearedaytrip.com/products/blackberry-sparkling-water,,"{""Wide (US)""}",3,5,3,3,3,5,4,"{""Blackberry"",""Berry"",""Tart"",""Sweet"",""Floral""}","{""Afternoon"",""Relaxation"",""Self-Care""}","{""Fruit"",""Light Snacks"",""Cheese""}",true
CBD Seltzer,Daytrip,Functional Drink,CBD Seltzer,Cannabis Beverage,Watermelon CBD sparkling water with 25mg fast-acting hemp CBD. Juicy bold flavor for cooling refreshment with mood support.,,https://wearedaytrip.com/products/sparkling,,"{""Wide (US)""}",3,5,3,3,3,5,4,"{""Watermelon"",""Melon"",""Sweet"",""Fresh"",""Fruity""}","{""Summer"",""Hydration"",""Workout""}","{""Fresh Melon"",""Light Salads"",""Fruit""}",true
THC Seltzer,RIVR,Functional Drink,THC Seltzer,Cannabis Beverage,THC yerba mate tea with mango passionfruit and functional mushrooms. Uplifting microdosed beverage with natural caffeine.,,https://drinkrivr.com/collections/all,,"{""Wide (35 states)""}",5,5,5,3,5,5,5,"{""Mango"",""Passionfruit"",""Guava"",""Orange"",""Tropical""}","{""Adventure"",""Daytime"",""Energy""}","{""Tropical Fruit"",""Light Fare"",""Energy Snacks""}",true
Spritz,Aplós,Sparkling,Spritz,Spritz,Functional ume plum spritz with grapefruit and white tea. Broad-spectrum hemp for calming effect with crisp bright flavor.,,https://www.aplos.world/collections/shop-all,,"{""Wide (US)""}",5,5,9,3,5,9,6,"{""Ume Plum"",""Grapefruit"",""White Tea"",""Citrus"",""Floral""}","{""Poolside"",""Afternoon"",""Relaxation""}","{""Light Appetizers"",""Sushi"",""Salads""}",true
Margarita,Aplós,RTD Mocktail,Margarita,Margarita,Functional chili margarita with mandarin and orange habanero. Adaptogens for mood elevation with spicy citrus punch.,,https://www.aplos.world/collections/shop-all,,"{""Wide (US)""}",5,5,9,3,5,6,5,"{""Mandarin"",""Lime"",""Habanero"",""Sea Salt"",""Spicy""}","{""Happy Hour"",""Taco Night"",""Spicy Food""}","{""Tacos"",""Guacamole"",""Spicy Mexican Food""}",true
Canned Cocktail,Aplós,RTD Mocktail,Canned Cocktail,Canned Cocktail,Kola fashioned old fashioned style with kola nut and smoked cherrywood. Functional adaptogens for a ritual drinking experience.,,https://www.aplos.world/collections/shop-all,,"{""Wide (US)""}",5,3,3,5,9,6,5,"{""Kola Nut"",""Smoked Cherry"",""Cardamom"",""Coconut"",""Warm""}","{""After Dinner"",""Ritual"",""Wind Down""}","{""Dark Chocolate"",""Roasted Nuts"",""Aged Cheese""}",true
Negroni,Aplós,RTD Mocktail,Negroni,Negroni,Mandora negroni with bitter orange and quassia. Complex bittersweet aperitivo with functional adaptogen blend.,,https://www.aplos.world/collections/shop-all,,"{""Wide (US)""}",5,9,5,5,9,6,7,"{""Mandora Orange"",""Quassia"",""Oakwood"",""Herbal"",""Bitter""}","{""Aperitivo Hour"",""Happy Hour""}","{""Charcuterie"",""Aged Cheese"",""Olives""}",true
Spritz,Lyre's,Sparkling,Spritz,Spritz,Ready-to-drink amalfi spritz with bittersweet orange and rhubarb. Fine bubbles with Mediterranean citrus and floral finish.,,https://lyres.com/products/amalfi-spritz-case-of-12,,"{""Wide (US/EU/AU)""}",5,5,9,3,5,9,6,"{""Orange"",""Rhubarb"",""Citrus"",""Floral"",""Bitter""}","{""Aperitivo Hour"",""Brunch"",""Summer""}","{""Antipasto"",""Seafood"",""Light Pasta""}",true
Spritz,Lyre's,Sparkling,Spritz,Spritz,Non-alcoholic Italian spritz aperitif with bitter orange and spice. Mix with classico for authentic spritz experience.,,https://lyres.com/products/lyres-non-alcoholic-spritz-mocktail-recipe,,"{""Wide (US/EU/AU)""}",5,9,9,3,9,9,7,"{""Bitter Orange"",""Rhubarb"",""Spice"",""Citrus"",""Herbal""}","{""Aperitivo Hour"",""Cocktail Hour""}","{""Cheese Board"",""Olives"",""Bruschetta""}",true
Canned Cocktail,Lyre's,RTD Mocktail,Canned Cocktail,Canned Cocktail,Non-alcoholic classico sparkling wine alternative with green apple and pear. Crisp dry finish for celebrations.,,https://lyres.com/products/classico-case-of-8,,"{""Wide (US/EU/AU)""}",5,5,9,3,5,6,5,"{""Green Apple"",""Pear"",""Peach"",""Grape"",""Dry""}","{""Celebration"",""Brunch"",""Wedding""}","{""Oysters"",""Light Appetizers"",""Soft Cheese""}",true
Canned Cocktail,Lyre's,RTD Mocktail,Canned Cocktail,Canned Cocktail,Non-alcoholic gin and tonic premix with botanical juniper. Classic G&T experience without the alcohol.,,https://lyres.com/collections/ready-to-drink,,"{""Wide (US/EU/AU)""}",5,3,9,3,5,6,5,"{""Juniper"",""Citrus"",""Tonic"",""Herbal"",""Bitter""}","{""Afternoon"",""Summer"",""Classic Cocktail Hour""}","{""Light Appetizers"",""Fish and Chips"",""Salads""}",true
Adaptogenic Seltzer,Recess Mood,Functional Drink,Adaptogenic Seltzer,Adaptogenic,Magnesium and adaptogen sparkling water with strawberry rose. Mood-boosting formula without hemp or THC.,,https://takearecess.com/shop/recess-mood,,"{""Wide (US)""}",3,5,3,3,3,5,4,"{""Strawberry"",""Rose"",""Floral"",""Berry"",""Sweet""}","{""Relaxation"",""Self-Care"",""Afternoon""}","{""Fruit Tarts"",""Light Desserts"",""Herbal Tea""}",true
Functional Beverage,Juni,Functional Drink,Functional Beverage,Adaptogenic,"Sparkling adaptogenic tea with black tea, green tea, and Super-5 blend. Lemonade iced tea with ashwagandha and lion's mane.",,https://www.drinkjuni.com/,,"{""Wide (US)""}",3,5,9,3,5,5,5,"{""Lemon"",""Tea"",""Citrus"",""Herbal"",""Adaptogens""}","{""Afternoon"",""Daytime"",""Energy Boost""}","{""Light Snacks"",""Fruit"",""Pastries""}",true
Canned Cocktail,Martini,RTD Mocktail,Canned Cocktail,Canned Cocktail,"Non-alcoholic floreale aperitivo with bergamot, chamomile, and lavender. Italian-inspired floral aperitif for mindful sipping.",,https://martini.com/,,"{""Wide (EU/US)""}",5,3,5,3,5,6,4,"{""Bergamot"",""Chamomile"",""Lavender"",""Floral"",""Herbal""}","{""Aperitivo Hour"",""Italian Cuisine""}","{""Light Appetizers"",""Antipasto"",""Cheese""}",true
Functional Beverage,Töst,Functional Drink,Functional Beverage,Adaptogenic,Non-alcoholic sparkling white tea beverage with white cranberry and ginger. Organic adaptogenic drink for celebrations.,,https://www.drinktost.com/,,"{""Wide (US)""}",5,5,5,3,5,5,5,"{""White Cranberry"",""Ginger"",""Citrus"",""Herbal"",""Spice""}","{""Celebration"",""Brunch"",""Wedding""}","{""Light Appetizers"",""Seafood"",""Salads""}",true
Canned Cocktail,Betty Buzz,RTD Mocktail,Canned Cocktail,Canned Cocktail,Clean ingredient sparkling mocktails with real fruit juices. Meyer lemon club soda with ginger and botanicals.,,https://bettybuzz.com/,,"{""Wide (US)""}",3,5,9,3,3,6,5,"{""Meyer Lemon"",""Ginger"",""Citrus"",""Herbal"",""Bubbly""}","{""Brunch"",""Afternoon"",""Kid-Friendly""}","{""Light Fare"",""Salads"",""Sandwiches""}",true
Tonic,Hella Cocktail Co.,Mixer,Tonic,Tonic,Non-alcoholic sparkling bitter aperitif with gentian and citrus. Complex bitter soda for sophisticated mocktails.,,https://hellacocktail.com/,,"{""Wide (US)""}",3,10,9,3,9,7,7,"{""Gentian"",""Citrus"",""Herbal"",""Bitter"",""Spice""}","{""Aperitivo Hour"",""Cocktail Hour""}","{""Cheese Board"",""Charcuterie"",""Olives""}",true
Canned Cocktail,The Pathfinder,RTD Mocktail,Canned Cocktail,Canned Cocktail,Hemp-infused non-alcoholic amaro with wormwood and Douglas fir. Complex herbal digestivo for after dinner.,,https://www.drinkpathfinder.com/,,"{""Wide (US)""}",5,10,3,8,10,6,7,"{""Wormwood"",""Douglas Fir"",""Herbal"",""Hemp"",""Bitter""}","{""After Dinner"",""Digestivo"",""Nightcap""}","{""Dark Chocolate"",""Aged Cheese"",""Nuts""}",true
Espresso Cocktail,Spiritless,RTD Mocktail,Espresso Cocktail,Coffee Cocktail,Non-alcoholic espresso martini with NA whiskey and real espresso. Rich coffee flavor with zero alcohol.,,https://spiritless.com/,,"{""Wide (US)""}",5,5,3,8,5,6,5,"{""Espresso"",""Coffee"",""Vanilla"",""Cocoa"",""Smoky""}","{""After Dinner"",""Nightcap"",""Dessert""}","{""Dark Chocolate"",""Tiramisu"",""Coffee Cake""}",true
Tonic,Barbican,Mixer,Tonic,Tonic,Non-alcoholic bitter lemon and other fruit-flavored malt beverages. Crisp refreshing alcohol-free alternative from the UK.,,https://www.barbican.com/,,"{""Wide (UK/EU)""}",5,3,9,3,3,7,5,"{""Lemon"",""Bitter"",""Citrus"",""Fruit"",""Malt""}","{""Any Occasion"",""Casual""}","{""Pub Food"",""Light Fare"",""Chips""}",true
Functional Beverage,Three Spirit,Functional Drink,Functional Beverage,Adaptogenic,Functional non-alcoholic elixir with adaptogens and nootropics. Sparkling livener with guayusa and schisandra for energy.,,https://threespirit.com/,,"{""Wide (US/EU)""}",3,5,9,3,5,5,5,"{""Guayusa"",""Schisandra"",""Citrus"",""Herbal"",""Spice""}","{""Social Hour"",""Energy"",""Party""}","{""Light Appetizers"",""Fruit"",""Herbal Fare""}",true
Canned Cocktail,MARTINI,RTD Mocktail,Canned Cocktail,Canned Cocktail,Non-alcoholic sparkling aperitivo with bitter orange and herbal botanicals. Vibrant color and complex Italian flavor profile.,,https://martini.com/,,"{""Wide (EU/US)""}",5,9,9,3,5,6,6,"{""Bitter Orange"",""Herbal"",""Citrus"",""Spice"",""Floral""}","{""Aperitivo Hour"",""Italian Cuisine""}","{""Antipasto"",""Bruschetta"",""Olives""}",true
Canned Cocktail,Pentire,RTD Mocktail,Canned Cocktail,Canned Cocktail,Coastal non-alcoholic spritz with sea fennel and citrus. Botanical blend from Cornish coast for fresh crisp sipping.,,https://pentiredrinks.com/,,"{""Wide (UK/EU/US)""}",3,3,9,3,5,6,5,"{""Sea Fennel"",""Citrus"",""Herbal"",""Coastal"",""Mineral""}","{""Aperitivo Hour"",""Seaside"",""Summer""}","{""Seafood"",""Light Salads"",""Fresh Oysters""}",true
Aperitivo,Everleaf,Aperitif,Bitter Aperitif,Aperitif,"Non-alcoholic aperitif with saffron, gentian, and botanicals. Complex warming spirit alternative for cocktails.",,https://everleafdrinks.com/,,"{""Wide (UK/EU/US)""}",5,9,5,5,9,2,6,"{""Saffron"",""Gentian"",""Citrus"",""Herbal"",""Spice""}","{""Aperitivo Hour"",""Cocktail Hour""}","{""Cheese Plate"",""Charcuterie"",""Nuts""}",true
Canned Cocktail,Everleaf,RTD Mocktail,Canned Cocktail,Canned Cocktail,Non-alcoholic mountain aperitif with fir and citrus. Botanicals from 14 plants for a crisp complex spritz.,,https://everleafdrinks.com/,,"{""Wide (UK/EU/US)""}",3,5,9,3,5,6,5,"{""Fir"",""Citrus"",""Herbal"",""Alpine"",""Pine""}","{""Aperitivo Hour"",""Outdoor"",""Nature""}","{""Light Appetizers"",""Salad"",""Fresh Cheese""}",true
Canned Cocktail,Moody Tongue,RTD Mocktail,Canned Cocktail,Canned Cocktail,Non-alcoholic sparkling water with grapefruit peel and black pepper. Culinary-inspired botanical soda for sophisticated sipping.,,https://modytongue.com/,,"{""Limited (US)""}",3,3,9,3,5,6,5,"{""Grapefruit"",""Black Pepper"",""Citrus"",""Spice"",""Herbal""}","{""Aperitivo Hour"",""Dinner Party""}","{""Grilled Fish"",""Fresh Salads"",""Light Fare""}",true
Aperitivo,Wilderton,Aperitif,Bitter Aperitif,Aperitif,Non-alcoholic botanical aperitif with wild foraged ingredients. Lustre flavor with chamomile and rhubarb. Smooth complex spirit alternative.,,https://wilderton.com/,,"{""Wide (US)""}",5,3,9,5,9,2,6,"{""Chamomile"",""Rhubarb"",""Herbal"",""Floral"",""Citrus""}","{""Aperitivo Hour"",""Cocktail Hour""}","{""Light Appetizers"",""Cheese"",""Garden Fare""}",true
Functional Beverage,De Soi,Functional Drink,Functional Beverage,Adaptogenic,Limited social spritz variety pack with adaptogens. Three flavors for uplifting mindful happy hour moments.,,https://drinkdesoi.com/collections/all-beverages,,"{""Wide (US)""}",3,3,5,3,5,5,4,"{""Variety"",""Citrus"",""Floral"",""Berry"",""Adaptogens""}","{""Social Hour"",""Happy Hour"",""Anytime""}","{""Light Appetizers"",""Cheese"",""Fruit""}",true
Functional Beverage,HOP WTR,Functional Drink,Functional Beverage,Adaptogenic,Double hopped sparkling water with extra hop intensity. Zero calorie functional beverage for hop lovers.,,https://www.hopwtr.com/,,"{""Wide (US)""}",5,9,3,3,5,5,5,"{""Hops"",""Citrus"",""Pine"",""Resin"",""Bitter""}","{""After Work"",""Craft Beer Alternative""}","{""Nuts"",""Charcuterie"",""Grilled Foods""}",true
Functional Beverage,Kin Euphorics,Functional Drink,Functional Beverage,Adaptogenic,"Dream light relaxing nightcap with reishi, melatonin, and L-tryptophan. Warm spiced made-to-mix for sleep support.",,https://www.kineuphorics.com/products/dream-light,,"{""Wide (US)""}",5,5,3,8,5,5,5,"{""Oak"",""Clove"",""Cinnamon"",""Spice"",""Vanilla""}","{""Nightcap"",""Sleep"",""Bedtime""}","{""Warm Oat Milk"",""Honey"",""Chamomile""}",true
Functional Beverage,Hiyo,Functional Drink,Functional Beverage,Adaptogenic,Classic variety pack containing four flavors of organic social tonic. Best-selling adaptogen seltzer for exploring the float.,,https://drinkhiyo.com/products/variety-pack,,"{""Wide (US)""}",5,5,5,3,3,5,4,"{""Variety"",""Berry"",""Citrus"",""Tropical"",""Mixed""}","{""Anytime"",""Socializing"",""Work""}","{""Mixed pairings"",""Various foods""}",true
CBD Seltzer,Lemmy,Functional Drink,CBD Seltzer,Cannabis Beverage,Classic sparkling lemonade with real lemon juice since 1939. Nostalgic retro lemonade brand with natural flavor.,,https://www.orcabeverage.com/product/lemmy-half-half-tea--lemonade,,"{""Limited (US)""}",9,5,9,3,3,5,6,"{""Lemon"",""Citrus"",""Sparkling"",""Lemonade"",""Sweet""}","{""Summer"",""BBQ"",""Kid-Friendly""}","{""BBQ"",""Fried Food"",""Outdoor Meals""}",true
Canned Cocktail,Curious Elixirs,RTD Mocktail,Canned Cocktail,Canned Cocktail,Mini can variety pack with pomegranate negroni and Sicilian spritz. Perfect portable format for on-the-go sipping.,,https://curiouselixirs.com/,,"{""Wide (US)""}",5,5,5,3,9,6,6,"{""Variety"",""Pomegranate"",""Blood Orange"",""Herbal"",""Spice""}","{""On-the-Go"",""Picnic"",""Travel""}","{""Various snacks"",""Cheese"",""Fruit""}",true
RTD Mocktail,Naked Life,RTD Mocktail,RTD Mocktail,RTD Mocktail,Cocktail sampler dozen with 12 flavors for variety seekers. Zero sugar non-alcoholic cocktail discovery pack.,,https://drinknakedlife.com/,,"{""Wide (US)""}",3,3,5,3,5,6,4,"{""Variety"",""Mint"",""Citrus"",""Berry"",""Herbal""}","{""Sampling"",""Party"",""Gifting""}","{""Various foods"",""Universal pairings""}",true
Functional Beverage,HOP WTR,Functional Drink,Functional Beverage,Adaptogenic,Party pack with all six flavors for maximum variety. Best-selling hop water collection for entertaining.,,https://hopwtr.com/products/party-pack-amazon-exclusive-12-pack,,"{""Wide (US)""}",5,3,3,3,5,5,4,"{""Variety"",""Citrus"",""Tropical"",""Berry"",""Hops""}","{""Party"",""Entertaining"",""BBQs""}","{""Mixed pairings"",""versatile""}",true
CBD Seltzer,Daytrip,Functional Drink,CBD Seltzer,Cannabis Beverage,Variety pack of CBD sparkling waters with six flavors. 25mg CBD per can for exploring different terpene profiles.,,https://wearedaytrip.com/products/variety-pack,,"{""Wide (US)""}",3,5,5,3,3,5,4,"{""Variety"",""Berry"",""Citrus"",""Tropical"",""Mixed""}","{""Sampling"",""Relaxation"",""Everyday""}","{""Various pairings""}",true
Botanical Soda,Casamara Club,Mixer,Botanical Soda,Botanical Soda,Capo limited edition botanical soda. Seasonal offering with unique flavor profile from Casamara's rotating series.,,https://www.casamaraclub.com/,,"{""Limited""}",3,5,5,3,5,7,5,"{""Seasonal"",""Botanicals"",""Herbal"",""Citrus""}","{""Seasonal"",""Limited"",""Aperitivo""}","{""Seasonal pairings""}",true
RTD Mocktail,Mingle Mocktails,RTD Mocktail,RTD Mocktail,RTD Mocktail,7-flavor variety pack with full Mingle lineup. Best-selling zero-proof mocktail collection for parties.,,https://www.minglemocktails.com/products/7-mocktail-flavor-variety-pack,,"{""Wide (US)""}",3,5,5,3,3,6,4,"{""Variety"",""Cosmo"",""Margarita"",""Mimosa"",""Bellini"",""Paloma"",""Rosé""}","{""Party"",""Entertaining"",""Gifting""}","{""Various foods"",""Universal pairings""}",true
Amaro Falso,St. Agrestis,Aperitif,Bitter Aperitif,Aperitif,Non-alcoholic limone amaro with bright lemon and herbal bitterness. Digestivo style for after dinner sipping over ice.,,https://stagrestis.com/collections/all,,"{""Limited (US)""}",5,9,9,5,9,2,7,"{""Lemon"",""Herbal"",""Bitter"",""Citrus"",""Spice""}","{""After Dinner"",""Digestivo"",""Summer""}","{""Lemon Desserts"",""Light Cheese"",""Fruit""}",true
Aperitivo,De Soi,Aperitif,Aperitivo,Aperitif,Adaptogenic raspberry aperitif with floral notes. Non-alcoholic pre-mixed drink with L-theanine for relaxation.,,https://drinkdesoi.com/collections/all-beverages,,"{""Wide (US)""}",5,3,5,3,5,2,4,"{""Raspberry"",""Floral"",""Berry"",""Herbal"",""Adaptogens""}","{""Aperitivo Hour"",""Happy Hour""}","{""Fruit Tarts"",""Light Cheese"",""Chocolate""}",true
